{
  "train_rows": 60000,
  "test_rows": 16000,
  "feature_count": 170,
  "train_positive": 1000,
  "train_negative": 59000,
  "test_positive": 375,
  "test_negative": 15625,
  "positive_rate_train": 0.016666666666666666,
  "positive_rate_test": 0.0234375,
  "missing_cells_train_ratio": 0.08333480392156863,
  "top_missing_features": {
    "br_000": 0.8210666666666666,
    "bq_000": 0.8120333333333334,
    "bp_000": 0.7956666666666666,
    "bo_000": 0.7722166666666667,
    "ab_000": 0.77215,
    "cr_000": 0.77215,
    "bn_000": 0.7334833333333334,
    "bm_000": 0.65915,
    "bl_000": 0.45461666666666667,
    "bk_000": 0.3839,
    "cg_000": 0.24768333333333334,
    "ch_000": 0.24768333333333334,
    "cf_000": 0.24768333333333334,
    "co_000": 0.24768333333333334,
    "ad_000": 0.24768333333333334,
    "cx_000": 0.23013333333333333,
    "cy_000": 0.23013333333333333,
    "cz_000": 0.23013333333333333,
    "db_000": 0.23013333333333333,
    "cv_000": 0.23013333333333333
  }
}